{"count":1,"self":205.853632,"total":1097.6243892999998,"children":{"InitializeActuators":{"count":187511,"self":1.488578,"total":1.488578,"children":null},"InitializeSensors":{"count":187511,"self":3.438768,"total":3.4387678999999998,"children":null},"AgentSendState":{"count":38351,"self":35.712496,"total":52.9837281,"children":{"CollectObservations":{"count":951204,"self":0.46565809999999996,"total":0.46565809999999996,"children":null},"WriteActionMask":{"count":951204,"self":0.45207729999999996,"total":0.45207729999999996,"children":null},"RequestDecision":{"count":951204,"self":1.7224836,"total":16.3534956,"children":{"AgentInfo.ToProto":{"count":951204,"self":1.4367333999999998,"total":14.6310121,"children":{"GenerateSensorData":{"count":951204,"self":11.6229344,"total":13.1942787,"children":{"RayPerceptionSensor.Perceive":{"count":951204,"self":1.5713441,"total":1.5713441,"children":null}}}}}}}}},"DecideAction":{"count":38351,"self":826.3164416,"total":826.31646119999994,"children":null},"AgentAct":{"count":38351,"self":2.899546,"total":2.908044,"children":{"AgentInfo.ToProto":{"count":256,"self":0.0014984999999999998,"total":0.0084979,"children":{"GenerateSensorData":{"count":256,"self":0.0069993999999999994,"total":0.0069993999999999994,"children":{"RayPerceptionSensor.Perceive":{"count":256,"self":0,"total":0,"children":null}}}}}}},"AgentInfo.ToProto":{"count":187387,"self":0.68458619999999992,"total":4.6341776999999995,"children":{"GenerateSensorData":{"count":187387,"self":3.5079211999999997,"total":3.9495915,"children":{"RayPerceptionSensor.Perceive":{"count":187387,"self":0.44167029999999996,"total":0.44167029999999996,"children":null}}}}}},"gauges":{"My Behavior.CumulativeReward":{"count":187643,"max":3.29999924,"min":-1,"runningAverage":-0.9947433,"value":-1,"weightedAverage":-0.9999999}},"metadata":{"timer_format_version":"0.1.0","start_time_seconds":"1655765674","unity_version":"2021.1.24f1","command_line_arguments":"C:\\Program Files\\Unity\\Hub\\Editor\\2021.1.24f1\\Editor\\Unity.exe -projectpath C:\\Projekty\\VersusMachine -useHub -hubIPC -cloudEnvironment production -licensingIpc LicenseClient-mateu -hubSessionId 81e4a2e0-f0be-11ec-bc22-97c5d69050b4 -accessToken xRVH1iVCUYw9nW9EmtE2h1aF80r2gWFwYPxCipNNtZk007f","communication_protocol_version":"1.5.0","com.unity.ml-agents_version":"2.2.1-exp.1","scene_name":"ML Test","end_time_seconds":"1655766771"}}