{"count":1,"self":35.6292864,"total":761.4835077,"children":{"AgentSendState":{"count":55067,"self":1.8904805999999998,"total":44.939091999999995,"children":{"CollectObservations":{"count":550700,"self":0.2370466,"total":0.2370466,"children":null},"CollectDiscreteActionMasks":{"count":550700,"self":0.2891632,"total":0.2891632,"children":null},"AgentInfo.ToProto":{"count":550700,"self":0.82899099999999992,"total":42.522401599999995,"children":{"GenerateSensorData":{"count":550700,"self":2.2941515999999997,"total":41.6934106,"children":{"RayPerceptionSensor.Perceive":{"count":550700,"self":39.3992576,"total":39.3992589,"children":null}}}}}}},"DecideAction":{"count":55067,"self":680.460032,"total":680.46001019999994,"children":null},"AgentAct":{"count":55067,"self":0.13504649999999999,"total":0.4241143,"children":{"AgentInfo.ToProto":{"count":2586,"self":0.010001,"total":0.2890678,"children":{"GenerateSensorData":{"count":2586,"self":0.0180046,"total":0.2790668,"children":{"RayPerceptionSensor.Perceive":{"count":2586,"self":0.26106219999999997,"total":0.26106219999999997,"children":null}}}}}}},"AgentInfo.ToProto":{"count":288,"self":0,"total":0.031006,"children":{"GenerateSensorData":{"count":288,"self":0.0020001999999999997,"total":0.031006,"children":{"RayPerceptionSensor.Perceive":{"count":288,"self":0.029005799999999998,"total":0.029005799999999998,"children":null}}}}}},"gauges":{"My Behavior.CumulativeReward":{"count":2874,"max":2.12999964,"min":-0.5999997,"runningAverage":-0.3112932,"value":-0.5999997,"weightedAverage":-0.599999666}},"metadata":{"timer_format_version":"0.1.0","start_time_seconds":"1655332845","unity_version":"2021.1.24f1","command_line_arguments":"C:\\Program Files\\Unity\\Hub\\Editor\\2021.1.24f1\\Editor\\Unity.exe -projectpath C:\\Projekty\\VersusMachine -useHub -hubIPC -cloudEnvironment production -licensingIpc LicenseClient-mateu -hubSessionId 6f25da90-ebc1-11ec-8569-159457ce6863 -accessToken GVyFZ6hdkZIkRqVSnJ17sPC-B7Ck1rzz021w5FuqVP4007f","communication_protocol_version":"1.0.0","com.unity.ml-agents_version":"1.0.8","scene_name":"MLTest","end_time_seconds":"1655333606"}}