{"count":1,"self":18.970801599999998,"total":19.746998299999998,"children":{"InitializeActuators":{"count":6,"self":0.0020182999999999998,"total":0.0020182999999999998,"children":null},"InitializeSensors":{"count":6,"self":0.0030245999999999997,"total":0.0030245999999999997,"children":null},"AgentSendState":{"count":735,"self":0.1308135,"total":0.15377459999999998,"children":{"CollectObservations":{"count":882,"self":0.001996,"total":0.001996,"children":null},"WriteActionMask":{"count":882,"self":0.0019822999999999998,"total":0.0019822999999999998,"children":null},"RequestDecision":{"count":882,"self":0.0160095,"total":0.018982799999999998,"children":{"RayPerceptionSensor.Perceive":{"count":147,"self":0.0029733,"total":0.0029733,"children":null}}}}},"DecideAction":{"count":735,"self":0.59833479999999994,"total":0.6023356,"children":{"RayPerceptionSensor.Perceive":{"count":735,"self":0.0040008,"total":0.0040008,"children":null}}},"AgentAct":{"count":735,"self":0.0140437,"total":0.0140437,"children":null}},"gauges":{},"metadata":{"timer_format_version":"0.1.0","start_time_seconds":"1655892069","unity_version":"2021.1.24f1","command_line_arguments":"C:\\Program Files\\Unity\\Hub\\Editor\\2021.1.24f1\\Editor\\Unity.exe -projectpath C:\/Politechnika\/Gier\/VersusMachine -useHub -hubIPC -cloudEnvironment production -hubSessionId 3c508b80-f0d3-11ec-8b38-2f2a898225d5 -accessToken WqR5B4SURpTTCq0S5BikKRs3aEhJpX4h_VflFQt15eQ007f","communication_protocol_version":"1.5.0","com.unity.ml-agents_version":"2.0.1","scene_name":"Night","end_time_seconds":"1655892089"}}